word,tf-idf-pos,tf-idf-neg,tf-idf-val,node-label
(ฝันร้าย - VERB),0.7940228147639203,0,0.7940228147639203,pos
(สนิม - VERB),0.7940228147639203,-0.008701619887823784,0.7853211948760965,pos
(ดิส - VERB),0.57501225267834,0,0.57501225267834,pos
(ฟัน - VERB),0.4107230376273857,0,0.4107230376273857,pos
(สักพัก - VERB),0.39701140738196017,0,0.39701140738196017,pos
(จิบ - VERB),0.35289902878396456,0,0.35289902878396456,pos
(เอะอะ - VERB),0,-0.288735569005062,-0.288735569005062,neg
(คนบ้า - VERB),0,-0.288735569005062,-0.288735569005062,neg
(วู้ด - VERB),0,-0.2646742715879734,-0.2646742715879734,neg
(รถมอเตอร์ไซค์ - VERB),0,-0.2646742715879734,-0.2646742715879734,neg
(ดีวีดี - VERB),0.2443147122350524,0,0.2443147122350524,pos
(เกรซ - VERB),0.011299522685371901,-0.2443147122350524,-0.2330151895496805,neg
(เกลียด - VERB),0,-0.22686366136112007,-0.22686366136112007,neg
(พล็อต - VERB),0,-0.22686366136112007,-0.22686366136112007,neg
(กระแทก - VERB),0.22115855872243848,-0.005343980043478996,0.21581457867895948,pos
(งมงาย - VERB),0.19850570369098008,0,0.19850570369098008,pos
(กระเป๋ากางเกง - VERB),0.19850570369098008,0,0.19850570369098008,pos
(สปา - VERB),0.0307363670231195,-0.22115855872243848,-0.19042219169931898,neg
(อลหม่าน - VERB),0,-0.1832360341762893,-0.1832360341762893,neg
(กระจ่าง - VERB),0,-0.17644951439198228,-0.17644951439198228,neg
(หยุดพัก - VERB),0,-0.17644951439198228,-0.17644951439198228,neg
(กาง - VERB),0.16716269784503585,0,0.16716269784503585,pos
(ป้อมตำรวจ - VERB),0.16716269784503585,0,0.16716269784503585,pos
(บรรเทา - VERB),0.16716269784503585,0,0.16716269784503585,pos
(ปล้น - VERB),0.17644951439198228,-0.012045858125369208,0.16440365626661307,pos
(เดี่ยว - VERB),0.1512424409074134,0,0.1512424409074134,pos
(เลี้ยงฉลอง - VERB),0.1512424409074134,0,0.1512424409074134,pos
(มือสมัครเล่น - VERB),0,-0.1512424409074134,-0.1512424409074134,neg
(คนโสด - VERB),0.14743903914829232,0,0.14743903914829232,pos
(เสือ - VERB),0.144367784502531,0,0.144367784502531,pos
(กด - VERB),0,-0.144367784502531,-0.144367784502531,neg
(เข็มฉีดยา - VERB),0,-0.144367784502531,-0.144367784502531,neg
(ยัด - VERB),0,-0.144367784502531,-0.144367784502531,neg
(ทาบทาม - VERB),0,-0.144367784502531,-0.144367784502531,neg
(เสี่ยงชีวิต - VERB),0,-0.144367784502531,-0.144367784502531,neg
(สกุลเงิน - VERB),0,-0.144367784502531,-0.144367784502531,neg
(นี - VERB),0.143753063169585,0,0.143753063169585,pos
(ป้าย - VERB),0,-0.13809092430676875,-0.13809092430676875,neg
(พีพี - VERB),0.144367784502531,-0.007255491168602356,0.13711229333392863,pos
(ถังขยะ - VERB),0.15131901386272104,-0.01466516495161768,0.13665384891110335,pos
(วาจา - VERB),0,-0.1323371357939867,-0.1323371357939867,neg
(ปฏิเสธ - VERB),0.13573245332105874,-0.007366137068440462,0.12836631625261827,pos
(คับคั่ง - VERB),0.008669948841826246,-0.1323371357939867,-0.12366718695216046,neg
(บรรยาย - VERB),0,-0.1221573561175262,-0.1221573561175262,neg
(แจ้ง - VERB),0,-0.1221573561175262,-0.1221573561175262,neg
(แบ่ง - VERB),0.14115961151358583,-0.019249037933670797,0.12191057357991503,pos
(เช็ค - VERB),0.12704365036222726,-0.00753223223491466,0.1195114181273126,pos
(เชค - VERB),0.11763300959465486,0,0.11763300959465486,pos
(รถเข็น - VERB),0,-0.11343183068056004,-0.11343183068056004,neg
(รองเท้าแตะ - VERB),0,-0.11057927936121924,-0.11057927936121924,neg
(เต้นรำ - VERB),0.10952038824329935,0,0.10952038824329935,pos
(บาหลี - VERB),0.10952038824329935,0,0.10952038824329935,pos
(ดีเจ - VERB),0.10952038824329935,0,0.10952038824329935,pos
(สลัด - VERB),0.10952038824329935,0,0.10952038824329935,pos
(นาฬิกา - VERB),0,-0.10952038824329935,-0.10952038824329935,neg
(คอก - VERB),0,-0.10952038824329935,-0.10952038824329935,neg
(ควาย - VERB),0,-0.10849287786383774,-0.10849287786383774,neg
(ก้า - VERB),0.10648375049598889,0,0.10648375049598889,pos
(พักอาศัย - VERB),0.10499475236547708,0,0.10499475236547708,pos
(คนเดินเท้า - VERB),0.10413413964116988,0,0.10413413964116988,pos
(กล้องถ่ายรูป - VERB),0,-0.10245455674373165,-0.10245455674373165,neg
(เขตร้อน - VERB),0,-0.10245455674373165,-0.10245455674373165,neg
(ชดเชย - VERB),0,-0.10245455674373165,-0.10245455674373165,neg
(ไม - VERB),0,-0.10245455674373165,-0.10245455674373165,neg
(จักรยาน - VERB),0.10413413964116988,-0.002467863745400601,0.10166627589576928,pos
(ปั่น - VERB),0.10648375049598889,-0.005452517182928208,0.10103123331306069,pos
(ยืม - VERB),0.1008282939382756,0,0.1008282939382756,pos
(คุ้มค่า - VERB),0.09925285184549004,0,0.09925285184549004,pos
(กระหึ่ม - VERB),0.09925285184549004,0,0.09925285184549004,pos
(ฉิบหาย - VERB),0,-0.09925285184549004,-0.09925285184549004,neg
(คนงาน - VERB),0,-0.09925285184549004,-0.09925285184549004,neg
(โทร - VERB),0,-0.09925285184549004,-0.09925285184549004,neg
(ท่อน้ำทิ้ง - VERB),0,-0.09708525195453305,-0.09708525195453305,neg
(ไฟนีออน - VERB),0.09624518966835398,0,0.09624518966835398,pos
(เผา - VERB),0.09624518966835398,0,0.09624518966835398,pos
(เพรส - VERB),0.09341444879575533,0,0.09341444879575533,pos
(ปฏิสัมพันธ์ - VERB),0.09341444879575533,0,0.09341444879575533,pos
(แม่ค้า - VERB),0,-0.09341444879575533,-0.09341444879575533,neg
(เร่ - VERB),0.011763300959465487,-0.1047063052435939,-0.09294300428412841,neg
(คนขับรถ - VERB),0.10268075940684643,-0.011912380434695627,0.0907683789721508,pos
(ยักษ์ - VERB),0.0948086943001696,-0.00473336998368954,0.09007532431648006,pos
(คุ้มทุน - VERB),0,-0.08988937525629287,-0.08988937525629287,neg
(ปลุก - VERB),0.08984566448099063,0,0.08984566448099063,pos
(เจ็บปวด - VERB),0,-0.0894673594100192,-0.0894673594100192,neg
(เก้าอี้ผ้าใบ - VERB),0,-0.08846342348897539,-0.08846342348897539,neg
(กระเบื้อง - VERB),0,-0.08822475719599114,-0.08822475719599114,neg
(ตร่ม - VERB),0.08662067070151858,0,0.08662067070151858,pos
(เบื่อ - VERB),0.09341444879575533,-0.006985537959799886,0.08642891083595544,pos
(คัด - VERB),0,-0.0858403042988022,-0.0858403042988022,neg
(ไอศกรีม - VERB),0.02852776579990133,-0.11343183068056004,-0.08490406488065871,neg
(รุก - VERB),0.008424645249484565,-0.09306793118400064,-0.08464328593451607,neg
(ติก - VERB),0.08358134892251792,0,0.08358134892251792,pos
(ก่อตัว - VERB),0,-0.08358134892251792,-0.08358134892251792,neg
(คิว - VERB),0,-0.08358134892251792,-0.08358134892251792,neg
(ร่อน - VERB),0.09772588489402097,-0.01459421961112538,0.08313166528289559,pos
(ผูก - VERB),0.08143823741168413,0,0.08143823741168413,pos
(เปลื้องผ้า - VERB),0,-0.08143823741168413,-0.08143823741168413,neg
(กาม - VERB),0,-0.08143823741168413,-0.08143823741168413,neg
(ตกหลุมรัก - VERB),0.0927439117223129,-0.011734652192765298,0.0810092595295476,pos
(เกวียน - VERB),0,-0.08006952753921887,-0.08006952753921887,neg
(ขยาย - VERB),0.09341444879575533,-0.013573039568614024,0.07984140922714131,pos
(ใบพัด - VERB),0,-0.07940228147639204,-0.07940228147639204,neg
(ยิง - VERB),0,-0.07938147071576526,-0.07938147071576526,neg
(ฟัง - VERB),0.12651421895325088,-0.0474043471500848,0.07910987180316609,pos
(ข้อเสนอ - VERB),0.0653307428357289,-0.143753063169585,-0.0784223203338561,neg
(บ้า - VERB),0,-0.07842200639643657,-0.07842200639643657,neg
(คิ้ว - VERB),0,-0.07842200639643657,-0.07842200639643657,neg
(ร้านกาแฟ - VERB),0.07746564046477272,0,0.07746564046477272,pos
(กระทบ - VERB),0.10184792469192523,-0.02458003450107714,0.0772678901908481,pos
(สัย - VERB),0.0756212204537067,0,0.0756212204537067,pos
(โป๊ะ - VERB),0,-0.0756212204537067,-0.0756212204537067,neg
(กระท่อม - VERB),0.022263743499973614,-0.09745970384378644,-0.07519596034381282,neg
(มอบ - VERB),0.10356819323007656,-0.029408252398663716,0.07415994083141283,pos
(ส่อง - VERB),0,-0.07386258741989957,-0.07386258741989957,neg
(รถบัส - VERB),0,-0.07386258741989957,-0.07386258741989957,neg
(ผจญภัย - VERB),0,-0.07301359216219958,-0.07301359216219958,neg
(สาบาน - VERB),0,-0.0721838922512655,-0.0721838922512655,neg
(ผอม - VERB),0,-0.0721838922512655,-0.0721838922512655,neg
(เบ - VERB),0,-0.07128251066260413,-0.07128251066260413,neg
(ลบ - VERB),0.07371951957414616,-0.002467863745400601,0.07125165582874556,pos
(พิมพ์ - VERB),0.07057980575679292,0,0.07057980575679292,pos
(เก้าอี้พับ - VERB),0.07057980575679292,0,0.07057980575679292,pos
(ผ้า - VERB),0.07057980575679292,0,0.07057980575679292,pos
(คว่ำ - VERB),0,-0.07057980575679292,-0.07057980575679292,neg
(เหยียบ - VERB),0,-0.06904546215338438,-0.06904546215338438,neg
(ค่าเช่า - VERB),0.07701056955513481,-0.008013795976736359,0.06899677357839845,pos
(ผับ - VERB),0.06764850031509882,0,0.06764850031509882,pos
(ไซมอน - VERB),0.06757640976714216,0,0.06757640976714216,pos
(โชคดี - VERB),0.06757640976714216,0,0.06757640976714216,pos
(ลาส - VERB),0,-0.06757640976714216,-0.06757640976714216,neg
(อึดอัด - VERB),0,-0.06757640976714216,-0.06757640976714216,neg
(เครื่องยนต์ - VERB),0,-0.06757640976714216,-0.06757640976714216,neg
(นั่งเล่น - VERB),0,-0.06757640976714216,-0.06757640976714216,neg
(แวบ - VERB),0,-0.06757640976714216,-0.06757640976714216,neg
(แสวงหา - VERB),0,-0.06757640976714216,-0.06757640976714216,neg
(ค้างคืน - VERB),0.007849996623595085,-0.07386258741989957,-0.06601259079630448,neg
(คู่สมรส - VERB),0.03650679608109979,-0.10245455674373165,-0.06594776066263186,neg
(กล่องโฟม - VERB),0,-0.06571223294597961,-0.06571223294597961,neg
(ชายฝั่ง - VERB),0.07057980575679292,-0.004951311016173995,0.06562849474061892,pos
(กร - VERB),0.009362096563170764,-0.07467691593225195,-0.06531481936908119,neg
(โบยบิน - VERB),0,-0.06460811827846517,-0.06460811827846517,neg
(สอน - VERB),0.09341444879575533,-0.028873556900506192,0.06454089189524914,pos
(เส็งเคร็ง - VERB),0,-0.06438022822410165,-0.06438022822410165,neg
(เครื่องบิน - VERB),0.06416345977890266,0,0.06416345977890266,pos
(กา - VERB),0,-0.0635051765726122,-0.0635051765726122,neg
(เต - VERB),0,-0.062276299197170225,-0.062276299197170225,neg
(กี - VERB),0,-0.062276299197170225,-0.062276299197170225,neg
(นโยบาย - VERB),0,-0.061472734046239,-0.061472734046239,neg
(คาเฟ่ - VERB),0.01670391646907766,-0.07789689480250511,-0.06119297833342745,neg
(อาบแดด - VERB),0.0610786780587631,0,0.0610786780587631,pos
(กระเป๋าสตางค์ - VERB),0,-0.0610786780587631,-0.0610786780587631,neg
(เครื่องประดับ - VERB),0,-0.0610786780587631,-0.0610786780587631,neg
(กางเกง - VERB),0,-0.0610786780587631,-0.0610786780587631,neg
(ท้องถนน - VERB),0,-0.05992625017086191,-0.05992625017086191,neg
(มั่นใจ - VERB),0.06534230144072045,-0.0056128125106941,0.05972948893002635,pos
(ปรารถนา - VERB),0,-0.059645745952177205,-0.059645745952177205,neg
(เรียนรู้ - VERB),0.06830303782915444,-0.00903397097687887,0.059269066852275565,pos
(สีแดง - VERB),0.008424645249484565,-0.06757640976714216,-0.05915176451765759,neg
(สอบถาม - VERB),0,-0.05881650479732743,-0.05881650479732743,neg
(ลิ - VERB),0,-0.05881650479732743,-0.05881650479732743,neg
(ค่าธรรมเนียม - VERB),0.057458998176487024,0,0.057458998176487024,pos
(น้ำฝน - VERB),0,-0.0572268695325348,-0.0572268695325348,neg
(สังสรรค์ - VERB),0.005438512429889865,-0.06250133181286305,-0.05706281938297318,neg
(ค่าชดเชย - VERB),0.05671591534028002,0,0.05671591534028002,pos
(ทุบ - VERB),0,-0.055720899281678615,-0.055720899281678615,neg
(สุก - VERB),0,-0.055720899281678615,-0.055720899281678615,neg
(บันทึก - VERB),0,-0.055720899281678615,-0.055720899281678615,neg
(ปา - VERB),0.10584196095435368,-0.050306433748364424,0.055535527205989255,pos
(คัดค้าน - VERB),0,-0.05528963968060962,-0.05528963968060962,neg
(สาด - VERB),0.055236369722707505,0,0.055236369722707505,pos
(ยุง - VERB),0.05383205523823189,0,0.05383205523823189,pos
(ตื้น - VERB),0,-0.05383205523823189,-0.05383205523823189,neg
(กั้น - VERB),0,-0.05383205523823189,-0.05383205523823189,neg
(คุม - VERB),0,-0.05383205523823189,-0.05383205523823189,neg
(โทรม - VERB),0,-0.05383205523823189,-0.05383205523823189,neg
(คนโกหก - VERB),0,-0.05383205523823189,-0.05383205523823189,neg
(ดำ - VERB),0,-0.05383205523823189,-0.05383205523823189,neg
(ตะปบ - VERB),0,-0.05383205523823189,-0.05383205523823189,neg
(แตกหัก - VERB),0,-0.05383205523823189,-0.05383205523823189,neg
(สิงคโปร์ - VERB),0,-0.05383205523823189,-0.05383205523823189,neg
(กระสอบ - VERB),0.0054760194121649675,-0.05881650479732743,-0.053340485385162464,neg
(ปกป้อง - VERB),0.007116598561202422,-0.060424701589612356,-0.05330810302840994,neg
(คุกคาม - VERB),0.0721838922512655,-0.01919887917271447,0.052985013078551024,pos
(ระเบิด - VERB),0,-0.05226442195160144,-0.05226442195160144,neg
(เฝ้าดู - VERB),0.010964641860951719,-0.06289289621892438,-0.051928254357972665,neg
(ครอบงำ - VERB),0,-0.05190326931415421,-0.05190326931415421,neg
(บังคับ - VERB),0.06389025029759333,-0.012262631655017873,0.051627618642575465,pos
(ต้า - VERB),0.051227278371865824,0,0.051227278371865824,pos
(กอ - VERB),0,-0.051227278371865824,-0.051227278371865824,neg
(เด็กชาย - VERB),0,-0.051227278371865824,-0.051227278371865824,neg
(ปัญญา - VERB),0,-0.051227278371865824,-0.051227278371865824,neg
(ประหยัด - VERB),0.06078761271027069,-0.009643190383399615,0.051144422326871074,pos
(กัมพูชา - VERB),0,-0.050923962345962616,-0.050923962345962616,neg
(ครีม - VERB),0.050607078260500045,0,0.050607078260500045,pos
(ย่าน - VERB),0.05992625017086191,-0.00939671970134817,0.050529530469513737,pos
(คุ้ม - VERB),0.058673260963826496,-0.008635282774030481,0.050037978189796016,pos
(คนโง่ - VERB),0,-0.04988625014223583,-0.04988625014223583,neg
(ก้อน - VERB),0,-0.04967429455833164,-0.04967429455833164,neg
(เสา - VERB),0,-0.04962642592274502,-0.04962642592274502,neg
(กลอ - VERB),0,-0.04962642592274502,-0.04962642592274502,neg
(ลิงค์ - VERB),0.04924172494659971,0,0.04924172494659971,pos
(คบเพลิง - VERB),0.048862942447010484,0,0.048862942447010484,pos
(เจ็บ - VERB),0.07371951957414616,-0.025146308426166473,0.04857321114797969,pos
(วิว - VERB),0.06149863665008984,-0.013016767455146235,0.0484818691949436,pos
(ไกย์ - VERB),0.04812259483417699,0,0.04812259483417699,pos
(ดุ๊ก - VERB),0.0474043471500848,0,0.0474043471500848,pos
(ถ - VERB),0.0474043471500848,0,0.0474043471500848,pos
(คลิ - VERB),0,-0.0474043471500848,-0.0474043471500848,neg
(เวียต - VERB),0,-0.04705320383786195,-0.04705320383786195,neg
(ติดเชื้อ - VERB),0,-0.04647938427886363,-0.04647938427886363,neg
(ถ่าย - VERB),0.04637195586115645,0,0.04637195586115645,pos
(ตุ๊ก - VERB),0,-0.04636629575263768,-0.04636629575263768,neg
(ปราบปราม - VERB),0,-0.04625375619984002,-0.04625375619984002,neg
(เลี่ยน - VERB),0,-0.04603030810225625,-0.04603030810225625,neg
(ร้องเรียน - VERB),0.013279728699268823,-0.05881650479732743,-0.04553677609805861,neg
(ตบมือ - VERB),0,-0.04537273227222402,-0.04537273227222402,neg
(สูบบุหรี่ - VERB),0,-0.04537273227222402,-0.04537273227222402,neg
(แข่ง - VERB),0,-0.04537273227222402,-0.04537273227222402,neg
(ไมล์ - VERB),0,-0.044944687628146435,-0.044944687628146435,neg
(ติ - VERB),0,-0.04457459323087907,-0.04457459323087907,neg
(หอคอย - VERB),0.009369000764176051,-0.05383205523823189,-0.04446305447405584,neg
(บา - VERB),0.04442085677000953,0,0.04442085677000953,pos
(เคลื่อนไหว - VERB),0,-0.044231711744487694,-0.044231711744487694,neg
(ตะกร้า - VERB),0,-0.04411237859799557,-0.04411237859799557,neg
(ยาเสพติด - VERB),0,-0.04409603164711196,-0.04409603164711196,neg
(ฉาก - VERB),0.023711845471271753,-0.06757640976714216,-0.043864564295870406,neg
(แน่นอน - VERB),0,-0.0429201521494011,-0.0429201521494011,neg
(ขวา - VERB),0.04234788345407575,0,0.04234788345407575,pos
(เลื่องลือ - VERB),0,-0.04179067446125896,-0.04179067446125896,neg
(ฝูงชน - VERB),0.0416675545419087,0,0.0416675545419087,pos
(กวนใจ - VERB),0,-0.04107230376273857,-0.04107230376273857,neg
(รุมล้อม - VERB),0,-0.040719118705842064,-0.040719118705842064,neg
(ตอนท้าย - VERB),0.04812259483417699,-0.007595934645684809,0.04052666018849218,pos
(คดเคี้ยว - VERB),0,-0.03995083344724128,-0.03995083344724128,neg
(สำรอง - VERB),0.039867254297770056,0,0.039867254297770056,pos
(กม - VERB),0.03921100319821828,0,0.03921100319821828,pos
(ต้นไม้ - VERB),0.042593500198395556,-0.08143823741168413,-0.03884473721328857,neg
(ไฟล์ - VERB),0.03873282023238636,0,0.03873282023238636,pos
(ดำเนิน - VERB),0.04670722439787767,-0.008249817111597418,0.03845740728628025,pos
(ค่าเงิน - VERB),0.042280312696936766,-0.0039632452339735955,0.03831706746296317,pos
(ตกหลุม - VERB),0.03826615974765881,0,0.03826615974765881,pos
(ปาร์ตี้ - VERB),0.04574525431077998,-0.007662086598540863,0.038083167712239116,pos
(ไหว - VERB),0,-0.037715522507022196,-0.037715522507022196,neg
(สนทนา - VERB),0.0030865804266819057,-0.040719118705842064,-0.03763253827916016,neg
(หาบเร่ - VERB),0.03736577951830213,0,0.03736577951830213,pos
(กองขยะ - VERB),0.04234788345407575,-0.005395904609973082,0.03695197884410267,pos
(โก - VERB),0.03900047375345029,-0.002126284338815161,0.036874189414635127,pos
(ผัก - VERB),0.0367178180237651,0,0.0367178180237651,pos
(ตราบใด - VERB),0.04505093984476144,-0.008630682769173047,0.036420257075588394,pos
(ริ - VERB),0.017113459901141072,-0.053241875247994445,-0.036128415346853376,neg
(สวย - VERB),0.015019740460950741,-0.0509709161926281,-0.03595117573167736,neg
(คร่ำครวญ - VERB),0,-0.03593826579239625,-0.03593826579239625,neg
(สงวน - VERB),0.040493820611150706,-0.00473336998368954,0.035760450627461166,pos
(ขวด - VERB),0,-0.03568641864107507,-0.03568641864107507,neg
(ชายโสด - VERB),0,-0.03568641864107507,-0.03568641864107507,neg
(แพน - VERB),0,-0.03568641864107507,-0.03568641864107507,neg
(ถ้ำ - VERB),0.03506172272428903,0,0.03506172272428903,pos
(ผสม - VERB),0.0046971373498681,-0.039492300093771505,-0.0347951627439034,neg
(เหม็น - VERB),0,-0.03471137988038996,-0.03471137988038996,neg
(วางระเบิด - VERB),0,-0.034648268280607436,-0.034648268280607436,neg
(กล้วยหอม - VERB),0.034639292330020485,0,0.034639292330020485,pos
(กิ๊ก - VERB),0,-0.034336121719520885,-0.034336121719520885,neg
(สลาย - VERB),0,-0.034336121719520885,-0.034336121719520885,neg
(ชำระ - VERB),0,-0.0335502597787572,-0.0335502597787572,neg
(พ่อค้า - VERB),0.03824915206286075,-0.00473336998368954,0.03351578207917121,pos
(ประเภท - VERB),0.04042981048786993,-0.0069424962593219435,0.03348731422854798,pos
(ร้าง - VERB),0.03343253956900717,0,0.03343253956900717,pos
(แน่น - VERB),0,-0.03343253956900717,-0.03343253956900717,neg
(สด - VERB),0.033046681188410344,0,0.033046681188410344,pos
(ร้านขายยา - VERB),0.032912862788141775,0,0.032912862788141775,pos
(ย้าย - VERB),0.03961164947390656,-0.007166683930723542,0.03244496554318302,pos
(ปลาย - VERB),0.0418444961912561,-0.009678683417188591,0.03216581277406751,pos
(เซฟ - VERB),0.03208172988945133,0,0.03208172988945133,pos
(เย็น - VERB),0.03647256762616242,-0.004893823203475626,0.031578744422686794,pos
(ตัล - VERB),0.1323024511929421,-0.10103096272915578,0.031271488463786315,pos
(จาน - VERB),0,-0.03103672240119558,-0.03103672240119558,neg
(กรด - VERB),0,-0.030248488181482684,-0.030248488181482684,neg
(ถัก - VERB),0.029948554826996876,0,0.029948554826996876,pos
(พงษ์ - VERB),0,-0.029408252398663716,-0.029408252398663716,neg
(ลอก - VERB),0,-0.029408252398663716,-0.029408252398663716,neg
(ดา - VERB),0,-0.029408252398663716,-0.029408252398663716,neg
(ดึง - VERB),0.0418444961912561,-0.012617800331998621,0.02922669585925748,pos
(ดัน - VERB),0,-0.02918843922225076,-0.02918843922225076,neg
(เย้ายวนใจ - VERB),0.028873556900506192,0,0.028873556900506192,pos
(คลินิก - VERB),0,-0.028873556900506192,-0.028873556900506192,neg
(ปรุง - VERB),0,-0.028873556900506192,-0.028873556900506192,neg
(ค้าง - VERB),0,-0.028873556900506192,-0.028873556900506192,neg
(ย่างก้าว - VERB),0.0286134347662674,0,0.0286134347662674,pos
(ปกติ - VERB),0.0286134347662674,0,0.0286134347662674,pos
(สภาพแวดล้อม - VERB),0.013205969440176237,-0.04174923463010667,-0.028543265189930434,neg
(พัฒนา - VERB),0.03745991449915599,-0.009329966687466324,0.02812994781168967,pos
(เสี่ยง - VERB),0,-0.027981131517194162,-0.027981131517194162,neg
(บริสุทธิ์ - VERB),0.027591758765755276,0,0.027591758765755276,pos
(ยึดครอง - VERB),0,-0.02752974617890608,-0.02752974617890608,neg
(บรรจุ - VERB),0.00545035310595583,-0.03285784301019086,-0.02740748990423503,neg
(ครอบครัว - VERB),0.0286134347662674,-0.055720899281678615,-0.027107464515411215,neg
(ดีใจ - VERB),0.023469887864422043,-0.050439671287573686,-0.026969783423151643,neg
(สกปรก - VERB),0.009069877617081463,-0.03578440282369955,-0.02671452520661809,neg
(ไหม - VERB),0,-0.026620937623997223,-0.026620937623997223,neg
(สบู่ - VERB),0,-0.026578169531846704,-0.026578169531846704,neg
(เซ็กส์ - VERB),0,-0.02632119827946697,-0.02632119827946697,neg
(ติดขัด - VERB),0.0054867581362437025,-0.03159407981749121,-0.02610732168124751,neg
(กะ - VERB),0.05271666051298301,-0.07800780565080509,-0.02529114513782208,neg
(เคลื่อนตัว - VERB),0.0252739357484537,0,0.0252739357484537,pos
(สห - VERB),0,-0.025008592590989618,-0.025008592590989618,neg
(จั่น - VERB),0,-0.025008592590989618,-0.025008592590989618,neg
(กินน้ำ - VERB),0,-0.025008592590989618,-0.025008592590989618,neg
(เอ - VERB),0,-0.025008592590989618,-0.025008592590989618,neg
(ไทม์ - VERB),0,-0.025008592590989618,-0.025008592590989618,neg
(สถานบันเทิง - VERB),0.03160802946114397,-0.0070333926863449065,0.024574636774799066,pos
(ถุงขยะ - VERB),0,-0.024573173191382056,-0.024573173191382056,neg
(คอนกรีต - VERB),0,-0.024573173191382056,-0.024573173191382056,neg
(โฟม - VERB),0.024244971443173138,0,0.024244971443173138,pos
(พักร้อน - VERB),0.024244971443173138,0,0.024244971443173138,pos
(ผืน - VERB),0,-0.023880385406433693,-0.023880385406433693,neg
(กล้ามเนื้อ - VERB),0.023758538770563546,0,0.023758538770563546,pos
(กุญแจ - VERB),0.005691919819096203,-0.029408252398663716,-0.02371633257956751,neg
(ลเจ็ต - VERB),0.05671591534028002,-0.08040737364697928,-0.023691458306699262,neg
(ตกดิน - VERB),0.034098987671090035,-0.010614561928774099,0.023484425742315934,pos
(ป่วย - VERB),0.029793380967789638,-0.0063688339318071704,0.023424547035982467,pos
(กีฬา - VERB),0.023422087685472097,0,0.023422087685472097,pos
(อย่า - VERB),0.023374481816192685,0,0.023374481816192685,pos
(คนขับ - VERB),0.03885330215438066,-0.01548580399791448,0.02336749815646618,pos
(ตัดสิน - VERB),0.023353612198938833,0,0.023353612198938833,pos
(กรอก - VERB),0,-0.023268067831909753,-0.023268067831909753,neg
(สัก - VERB),0.03311011051890634,-0.009868490483301158,0.023241620035605183,pos
(เมืองร้อน - VERB),0,-0.023098845520404955,-0.023098845520404955,neg
(ลาล - VERB),0.022604438897286586,0,0.022604438897286586,pos
(ปลอม - VERB),0.008431264702028447,-0.030810159866849526,-0.02237889516482108,neg
(กรา - VERB),0.022288359712671447,0,0.022288359712671447,pos
(โคลน - VERB),0,-0.022218402344603556,-0.022218402344603556,neg
(นิ่งสงบ - VERB),0.022213744891654476,0,0.022213744891654476,pos
(สายลม - VERB),0.022201245277155987,0,0.022201245277155987,pos
(ปิ้ง - VERB),0.05977724632117531,-0.03781645206400838,0.021960794257166925,pos
(ถั่ว - VERB),0,-0.02182880590416276,-0.02182880590416276,neg
(ขยะ - VERB),0,-0.02175237083174805,-0.02175237083174805,neg
(ลอย - VERB),0.058673260963826496,-0.0369404788353323,0.021732782128494194,pos
(เกลื่อน - VERB),0.026498260492089403,-0.004965563494631606,0.021532696997457797,pos
(เลี้ยวซ้าย - VERB),0.02146007607470055,0,0.02146007607470055,pos
(เลานจ์ - VERB),0.03302947670347159,-0.054447278726668824,-0.021417802023197235,neg
(แพง - VERB),0.021202516691679205,0,0.021202516691679205,pos
(ก้นบุหรี่ - VERB),0,-0.02114545024351503,-0.02114545024351503,neg
(อ้าง - VERB),0,-0.020829977982747664,-0.020829977982747664,neg
(ตง - VERB),0.03970114073819602,-0.018876909344408607,0.020824231393787414,pos
(ประกาย - VERB),0.020691148267463724,0,0.020691148267463724,pos
(กลางแจ้ง - VERB),0.020683893981235255,0,0.020683893981235255,pos
(ใส - VERB),0.04454385664401186,-0.024233049914811466,0.020310806729200392,pos
(ถาม - VERB),0.03288656078421948,-0.013064660091756818,0.019821900692462667,pos
(โซน - VERB),0,-0.019505164609170286,-0.019505164609170286,neg
(กำไล - VERB),0,-0.019485222448194364,-0.019485222448194364,neg
(ตบ - VERB),0.04234788345407575,-0.023098845520404955,0.019249037933670797,pos
(ค้างชำระ - VERB),0,-0.019249037933670797,-0.019249037933670797,neg
(เพศสัมพันธ์ - VERB),0,-0.019249037933670797,-0.019249037933670797,neg
(ปู - VERB),0.04718479028559474,-0.06609336237682069,-0.01890857209122595,neg
(แช่ - VERB),0.0927439117223129,-0.07386258741989957,0.018881324302413335,pos
(ถักเปีย - VERB),0.025471683853158483,-0.04411237859799557,-0.018640694744837087,neg
(แทน - VERB),0.033046681188410344,-0.014430077025461377,0.01861660416294897,pos
(รีดไถ - VERB),0,-0.01854651830105507,-0.01854651830105507,neg
(เดิน - VERB),0.05327017843495774,-0.035087291593003146,0.01818288684195459,pos
(ระบาย - VERB),0.028186875131291176,-0.010125279220111739,0.018061595911179437,pos
(เลิศ - VERB),0.018045973062816374,0,0.018045973062816374,pos
(สกี - VERB),0.033189481088886336,-0.015180266892610263,0.018009214196276074,pos
(ผ้าอ้อม - VERB),0,-0.017944018412743963,-0.017944018412743963,neg
(ทำลาย - VERB),0,-0.017929259355908892,-0.017929259355908892,neg
(ขุ่นมัว - VERB),0,-0.01783536763890633,-0.01783536763890633,neg
(ถุง - VERB),0.006508383727573118,-0.024326811127186383,-0.017818427399613264,neg
(กล่อง - VERB),0,-0.017784460290295012,-0.017784460290295012,neg
(พัน - VERB),0,-0.017584472558970644,-0.017584472558970644,neg
(ดื่มด่ำ - VERB),0.017530861362144514,0,0.017530861362144514,pos
(สีขาว - VERB),0.0061078678058763105,-0.023606151641422907,-0.017498283835546597,neg
(กิจกรรม - VERB),0.030148566115498817,-0.012657787149025726,0.01749077896647309,pos
(วิถีชีวิต - VERB),0.017419147673065894,0,0.017419147673065894,pos
(ตกใจ - VERB),0,-0.017326510547879766,-0.017326510547879766,neg
(ถนน - VERB),0.03523961821775582,-0.0181111469428711,0.017128471274884722,pos
(ไทย - VERB),0,-0.01706026591846344,-0.01706026591846344,neg
(คาถา - VERB),0.017052838974795603,0,0.017052838974795603,pos
(ลด - VERB),0.027991517610957636,-0.011011965242441423,0.016979552368516213,pos
(บาดเจ็บ - VERB),0.01684929049896913,0,0.01684929049896913,pos
(ปวดแสบปวดร้อน - VERB),0.01684929049896913,0,0.01684929049896913,pos
(สาปแช่ง - VERB),0.01684929049896913,0,0.01684929049896913,pos
(ยะเยือก - VERB),0.016716269784503586,0,0.016716269784503586,pos
(ฉับพลัน - VERB),0,-0.01669430359556206,-0.01669430359556206,neg
(คอฟ - VERB),0.016599780099594154,0,0.016599780099594154,pos
(ค้าขาย - VERB),0.030810159866849526,-0.014215903900830202,0.016594255966019322,pos
(เลื่อน - VERB),0.008424645249484565,-0.025008592590989618,-0.016583947341505055,neg
(สีน้ำเงิน - VERB),0.02224418772450058,-0.005903515351404612,0.016340672373095968,pos
(ลุก - VERB),0.01630469525552949,0,0.01630469525552949,pos
(เศษขยะ - VERB),0.01628764748233683,0,0.01628764748233683,pos
(กลางคืน - VERB),0.04601795755104736,-0.029876858731086538,0.01614109881996082,pos
(เสื้อยืด - VERB),0,-0.01612229065510498,-0.01612229065510498,neg
(กล้วย - VERB),0.02271391219049128,-0.006616832253510038,0.01609707993698124,pos
(ตั๋ว - VERB),0.0030865804266819057,-0.0190756231775116,-0.015989042750829692,neg
(แล่น - VERB),0.02126367624301522,-0.005389451741704179,0.01587422450131104,pos
(บ้าคลั่ง - VERB),0.025461981172981308,-0.009593495276075895,0.015868485896905413,pos
(เมนู - VERB),0.007301742891153524,-0.023098845520404955,-0.01579710262925143,neg
(ขโมย - VERB),0,-0.015783338091870488,-0.015783338091870488,neg
(กี้ - VERB),0.015775287710541465,0,0.015775287710541465,pos
(ดีเยี่ยม - VERB),0.02146007607470055,-0.005738195589983164,0.015721880484717385,pos
(คล้ำ - VERB),0,-0.015569074799292556,-0.015569074799292556,neg
(เดา - VERB),0,-0.01549063180706735,-0.01549063180706735,neg
(ตบท้าย - VERB),0.015324927667337424,0,0.015324927667337424,pos
(ถามหา - VERB),0.015269669514690776,0,0.015269669514690776,pos
(ฆ่า - VERB),0.019919593048903235,-0.004664783012533856,0.015254810036369379,pos
(กุ้ง - VERB),0.015141327962834124,0,0.015141327962834124,pos
(อัปยศ - VERB),0.015088319520454543,0,0.015088319520454543,pos
(เติม - VERB),0.015052565208794699,0,0.015052565208794699,pos
(ตัวเลือก - VERB),0.022421764599814507,-0.007457475185249079,0.01496428941456543,pos
(เร่ขาย - VERB),0.031348611975581114,-0.01658662450580774,0.014761987469773374,pos
(กุ้งมังกร - VERB),0.008424645249484565,-0.023098845520404955,-0.01467420027092039,neg
(เซล - VERB),0.021266385044074593,-0.006745972915903221,0.014520412128171373,pos
(เทศ - VERB),0.01450269981303964,0,0.01450269981303964,pos
(แสงแดด - VERB),0.014469664050367568,0,0.014469664050367568,pos
(งดงาม - VERB),0.014469664050367568,0,0.014469664050367568,pos
(ดึงดูดใจ - VERB),0.021402441166687592,-0.006934697072173976,0.014467744094513617,pos
(เลือก - VERB),0.03795216893408582,-0.023492160943156246,0.014460007990929571,pos
(คริส - VERB),0,-0.014447544037144221,-0.014447544037144221,neg
(ขับ - VERB),0,-0.014447544037144221,-0.014447544037144221,neg
(ลาก - VERB),0,-0.01436012321576616,-0.01436012321576616,neg
(กิโลเมตร - VERB),0.023526601918930974,-0.009209036718102819,0.014317565200828155,pos
(สวยงาม - VERB),0.024528611621339035,-0.01022238994271606,0.014306221678622975,pos
(จอม - VERB),0,-0.01422130414502544,-0.01422130414502544,neg
(ตัด - VERB),0.02592549478286911,-0.011766962878820054,0.014158531904049056,pos
(ก้อนหิน - VERB),0.01385128933306396,0,0.01385128933306396,pos
(ไกด์ - VERB),0,-0.013839177599371161,-0.013839177599371161,neg
(ไก่ทอด - VERB),0.013800294064280159,0,0.013800294064280159,pos
(ขี้เกียจ - VERB),0,-0.013798415155092121,-0.013798415155092121,neg
(ก่อกวน - VERB),0,-0.013761784748442571,-0.013761784748442571,neg
(เมอริเดียน - VERB),0,-0.01370974644196697,-0.01370974644196697,neg
(เจ็ด - VERB),0,-0.013645934517962111,-0.013645934517962111,neg
(ม้าลาย - VERB),0.013602103893172084,0,0.013602103893172084,pos
(โชน - VERB),0.013602103893172084,0,0.013602103893172084,pos
(นวด - VERB),0.024293734660680074,-0.010769989091693436,0.013523745568986638,pos
(ถุงพลาสติก - VERB),0.02029455009452965,-0.033796734848798526,-0.013502184754268877,neg
(ยอดนิยม - VERB),0.013466165332417242,0,0.013466165332417242,pos
(จ๊อกกิ้ง - VERB),0.01765903953819261,-0.004430351287485258,0.013228688250707353,pos
(ไตร - VERB),0,-0.013211313358504867,-0.013211313358504867,neg
(ตก - VERB),0.04828055765592225,-0.03508786481015961,0.01319269284576264,pos
(ร่ม - VERB),0.024283417820295767,-0.01111670030592369,0.013166717514372078,pos
(ไพน์ - VERB),0.013043495930413476,0,0.013043495930413476,pos
(วัตถุ - VERB),0.013016767455146235,0,0.013016767455146235,pos
(ยืนกราน - VERB),0,-0.013016767455146235,-0.013016767455146235,neg
(ลื่นไหล - VERB),0,-0.013016767455146235,-0.013016767455146235,neg
(เยี่ยม - VERB),0.02047757571780206,-0.007461451665753363,0.013016124052048696,pos
(เดินเล่น - VERB),0.029098552287392276,-0.01608506000322553,0.013013492284166747,pos
(จอง - VERB),0.023148641412171496,-0.010196119611735735,0.012952521800435761,pos
(ชักชวน - VERB),0,-0.01294602415375957,-0.01294602415375957,neg
(เอเชีย - VERB),0.01292845831365949,0,0.01292845831365949,pos
(คลาย - VERB),0.012910940077462121,0,0.012910940077462121,pos
(เครื่องดื่ม - VERB),0.03457449724182923,-0.021684829160235786,0.012889668081593447,pos
(แผงขาย - VERB),0.043413913821688424,-0.05620155606392399,-0.012787642242235567,neg
(ก้าวร้าว - VERB),0.02394447690909506,-0.011164867882396725,0.012779609026698334,pos
(เจ็ท - VERB),0,-0.01275505673126663,-0.01275505673126663,neg
(กาแฟ - VERB),0.012730990586490654,0,0.012730990586490654,pos
(เล่น - VERB),0.03878013694499855,-0.02608499856869411,0.01269513837630444,pos
(เรียน - VERB),0,-0.01264689705304267,-0.01264689705304267,neg
(เกา - VERB),0,-0.01260353674228445,-0.01260353674228445,neg
(สำลัก - VERB),0,-0.012504296295494809,-0.012504296295494809,neg
(ไอศ - VERB),0.01241536986738481,0,0.01241536986738481,pos
(ก้น - VERB),0,-0.01239250544565388,-0.01239250544565388,neg
(กระป๋อง - VERB),0,-0.012372479707967468,-0.012372479707967468,neg
(ถ้วยชา - VERB),0.0030865804266819057,-0.015292879060594148,-0.012206298633912243,neg
(ใสสะอาด - VERB),0.01801185969218723,-0.005903515351404612,0.012108344340782617,pos
(หลีกเลี่ยง - VERB),0.029012170832857752,-0.01694537618512669,0.012066794647731062,pos
(เฟื่องฟู - VERB),0.01204205216703576,0,0.01204205216703576,pos
(ครอบครอง - VERB),0.016204547240080004,-0.004171849704583013,0.012032697535496992,pos
(ท้าทาย - VERB),0,-0.012030648708544247,-0.012030648708544247,neg
(หยุด - VERB),0.02547105164481933,-0.013458366137589413,0.012012685507229918,pos
(ตะโกน - VERB),0,-0.011815320260513835,-0.011815320260513835,neg
(เสพติด - VERB),0,-0.011799157031703283,-0.011799157031703283,neg
(งานเลี้ยง - VERB),0,-0.011734652192765298,-0.011734652192765298,neg
(ลูกค้า - VERB),0,-0.011508336517411559,-0.011508336517411559,neg
(ทอด - VERB),0.02417480241748024,-0.012693078594546846,0.011481723822933394,pos
(เฉลิมฉลอง - VERB),0.011477009674376815,0,0.011477009674376815,pos
(ลาย - VERB),0.011466033426193796,0,0.011466033426193796,pos
(รูปถ่าย - VERB),0.02835795767014001,-0.01689410244178554,0.01146385522835447,pos
(บำบัด - VERB),0,-0.01144537390650696,-0.01144537390650696,neg
(สีเทา - VERB),0,-0.011399545580854405,-0.011399545580854405,neg
(ตัวอักษร - VERB),0,-0.011343183068056005,-0.011343183068056005,neg
(สังเกต - VERB),0.020426723008111547,-0.031760912590556814,-0.011334189582445267,neg
(แข่งขัน - VERB),0,-0.011334012864881865,-0.011334012864881865,neg
(ฉกฉวย - VERB),0,-0.011302815868525556,-0.011302815868525556,neg
(ไฮ - VERB),0,-0.011302815868525556,-0.011302815868525556,neg
(พลุกพล่าน - VERB),0.02346387794070888,-0.012228161149069768,0.011235716791639112,pos
(ลิ้มรส - VERB),0.0280243346387266,-0.03921100319821828,-0.011186668559491682,neg
(คลับ - VERB),0.023645434338068913,-0.012459706684496733,0.01118572765357218,pos
(หลุม - VERB),0,-0.01116376540968605,-0.01116376540968605,neg
(ติล - VERB),0,-0.011144179856335723,-0.011144179856335723,neg
(เจ็ต - VERB),0.026081843478070424,-0.014943190863738104,0.01113865261433232,pos
(ขี่ - VERB),0.019221995075207166,-0.00813137290612477,0.011090622169082395,pos
(โจมตี - VERB),0,-0.010993141662957083,-0.010993141662957083,neg
(ปิงปอง - VERB),0.018255540905870345,-0.029234851968636264,-0.01097931106276592,neg
(ร้าน - VERB),0.01681372157997093,-0.027784466267448914,-0.010970744687477985,neg
(ดำน้ำ - VERB),0.010964641860951719,0,0.010964641860951719,pos
(ถ้วย - VERB),0.020708209751938763,-0.009745970384378645,0.010962239367560118,pos
(อาหาร - VERB),0.010945996541339589,0,0.010945996541339589,pos
(ผ่อนคลาย - VERB),0.035093000948480266,-0.02415050725467334,0.010942493693806926,pos
(ซื้อ - VERB),0.02656466539700806,-0.01563557149056595,0.01092909390644211,pos
(ซ่อน - VERB),0.015493128092954543,-0.00473336998368954,0.010759758109265005,pos
(กัดเซาะ - VERB),0,-0.010742135036264987,-0.010742135036264987,neg
(ริม - VERB),0.014407313190405795,-0.0037299956066420216,0.010677317583763774,pos
(ตื่นเต้น - VERB),0.018412123240902502,-0.007822884874521383,0.010589238366381119,pos
(จมน้ำ - VERB),0,-0.010586970863518938,-0.010586970863518938,neg
(ล่ม - VERB),0,-0.010575220618387397,-0.010575220618387397,neg
(คนป่า - VERB),0,-0.01056349642701446,-0.01056349642701446,neg
(รน - VERB),0,-0.010549469879684494,-0.010549469879684494,neg
(ประสาทสัมผัส - VERB),0,-0.01051685847369431,-0.01051685847369431,neg
(ค่ำ - VERB),0.014491114117240368,-0.025000532725145217,-0.01050941860790485,neg
(เชิญ - VERB),0,-0.010464880589969297,-0.010464880589969297,neg
(เจ็ทสกี - VERB),0.022127582246180055,-0.011688461610970214,0.010439120635209841,pos
(ถุงยางอนามัย - VERB),0,-0.010393979477545643,-0.010393979477545643,neg
(คลื่น - VERB),0.01805567291623412,-0.00767340802775052,0.010382264888483601,pos
(หลอกลวง - VERB),0,-0.010323156855002215,-0.010323156855002215,neg
(คาย - VERB),0.010278612488853337,0,0.010278612488853337,pos
(พัง - VERB),0,-0.010275266513969615,-0.010275266513969615,neg
(เลวร้าย - VERB),0,-0.010170934315531802,-0.010170934315531802,neg
(เจรจา - VERB),0.019426089617511487,-0.009273259150527536,0.010152830466983951,pos
(สรุป - VERB),0,-0.01013107259666884,-0.01013107259666884,neg
(ไวย์ - VERB),0,-0.01010566349171072,-0.01010566349171072,neg
(ถกเถียง - VERB),0,-0.009982851608998958,-0.009982851608998958,neg
(เช่า - VERB),0.03911597713945904,-0.029162059974060506,0.009953917165398531,pos
(นิสัย - VERB),0,-0.009948308869867474,-0.009948308869867474,neg
(อนุญาต - VERB),0.021752376910375088,-0.011807261251477979,0.00994511565889711,pos
(หาด - VERB),0.013722117360068883,-0.023636061754562263,-0.00991394439449338,neg
(ตื้นเขิน - VERB),0,-0.00990262203234799,-0.00990262203234799,neg
(เตียง - VERB),0.014591241106612826,-0.02440828402366864,-0.009817042917055813,neg
(กิน - VERB),0.024557463775390236,-0.014803221235300078,0.009754242540090158,pos
(ปวดท้อง - VERB),0.009750088285665945,0,0.009750088285665945,pos
(ปนเปื้อน - VERB),0,-0.009739664173209681,-0.009739664173209681,neg
(สะอาด - VERB),0.03227554577955562,-0.02257672022019635,0.009698825559359268,pos
(หาย - VERB),0,-0.009656422197982179,-0.009656422197982179,neg
(ตอนเย็น - VERB),0.017799749871688142,-0.008172505690646537,0.009627244181041605,pos
(กระ - VERB),0.009604881726252896,0,0.009604881726252896,pos
(สวมใส่ - VERB),0,-0.009541132511255641,-0.009541132511255641,neg
(สงบ - VERB),0.023170062318249886,-0.013631716880188462,0.009538345438061424,pos
(ดวงอาทิตย์ - VERB),0.009520070408581788,0,0.009520070408581788,pos
(จุดสนใจ - VERB),0,-0.009520070408581788,-0.009520070408581788,neg
(เก้าอี้ - VERB),0.032376220967845974,-0.022865351264316425,0.009510869703529549,pos
(ล้มเหลว - VERB),0,-0.00946673996737908,-0.00946673996737908,neg
(สุเหร่า - VERB),0,-0.00946673996737908,-0.00946673996737908,neg
(เด็ก - VERB),0.009420253156591415,0,0.009420253156591415,pos
(ติด - VERB),0.02620199818931138,-0.01678243243333853,0.009419565755972848,pos
(กระจาย - VERB),0,-0.009387955145768817,-0.009387955145768817,neg
(ถาง - VERB),0.009369000764176051,0,0.009369000764176051,pos
(ประหลาดใจ - VERB),0.017598801977159257,-0.008248822027038503,0.009349979950120754,pos
(โกรธ - VERB),0,-0.009339736094803043,-0.009339736094803043,neg
(ตอง - VERB),0.07037091355136699,-0.0610468411664538,0.009324072384913187,pos
(แทง - VERB),0,-0.009273259150527536,-0.009273259150527536,neg
(กรรโชก - VERB),0,-0.009250786227233491,-0.009250786227233491,neg
(ทำ - VERB),0.040316636249945643,-0.03108482731352405,0.009231808936421594,pos
(รวย - VERB),0,-0.009206061620451251,-0.009206061620451251,neg
(อา - VERB),0,-0.009192738810580843,-0.009192738810580843,neg
(วิ่ง - VERB),0,-0.009166208539843236,-0.009166208539843236,neg
(อาชีพ - VERB),0,-0.009153000746558159,-0.009153000746558159,neg
(ดำรงชีวิต - VERB),0,-0.009153000746558159,-0.009153000746558159,neg
(อาเจียน - VERB),0,-0.009113604760561497,-0.009113604760561497,neg
(แพคเกจ - VERB),0,-0.009100548020216852,-0.009100548020216852,neg
(ขุ่น - VERB),0.016000459743353557,-0.006931099137996966,0.009069360605356592,pos
(ยั่งยืน - VERB),0,-0.009048693045742682,-0.009048693045742682,neg
(ใบขับขี่ - VERB),0,-0.009035821505137074,-0.009035821505137074,neg
(อนุรักษ์นิยม - VERB),0,-0.008997425663047256,-0.008997425663047256,neg
(ฝึกฝน - VERB),0,-0.008997425663047256,-0.008997425663047256,neg
(โมต - VERB),0,-0.008965677513212932,-0.008965677513212932,neg
(แท็กซี่ - VERB),0,-0.008849812806529486,-0.008849812806529486,neg
(คึกคัก - VERB),0.020903573836817263,-0.012059008136566308,0.008844565700250955,pos
(กระแสน้ำ - VERB),0.01629685035999778,-0.007473544105389253,0.008823306254608526,pos
(อินเดีย - VERB),0,-0.00878586793653024,-0.00878586793653024,neg
(แออัดยัดเยียด - VERB),0,-0.0087594646932883,-0.0087594646932883,neg
(เฉลี่ย - VERB),0,-0.008749562697123089,-0.008749562697123089,neg
(ระเบียง - VERB),0,-0.008725527354754781,-0.008725527354754781,neg
(สถานีตำรวจ - VERB),0,-0.008693114717081117,-0.008693114717081117,neg
(ดูแลรักษา - VERB),0.008672884655781902,0,0.008672884655781902,pos
(สุ่ม - VERB),0,-0.008630682769173047,-0.008630682769173047,neg
(นรก - VERB),0,-0.0086251837901751,-0.0086251837901751,neg
(ค่านิยม - VERB),0,-0.008572446043335171,-0.008572446043335171,neg
(แย่ - VERB),0,-0.008572446043335171,-0.008572446043335171,neg
(ตาด - VERB),0,-0.008572446043335171,-0.008572446043335171,neg
(กิ - VERB),0,-0.008495152698771349,-0.008495152698771349,neg
(หมวก - VERB),0.008424645249484565,0,0.008424645249484565,pos
(ห้อย - VERB),0.008424645249484565,0,0.008424645249484565,pos
(กะพริบตา - VERB),0.008424645249484565,0,0.008424645249484565,pos
(ฉลอง - VERB),0.008424645249484565,0,0.008424645249484565,pos
(ลำไส้ - VERB),0.008424645249484565,0,0.008424645249484565,pos
(นุ่ง - VERB),0.008424645249484565,0,0.008424645249484565,pos
(งาม - VERB),0.008424645249484565,0,0.008424645249484565,pos
(รอด - VERB),0.008424645249484565,0,0.008424645249484565,pos
(น้ำทิ้ง - VERB),0,-0.008379817482389274,-0.008379817482389274,neg
(เศร้าโศก - VERB),0,-0.008358134892251793,-0.008358134892251793,neg
(ก้าว - VERB),0.015827731734231895,-0.007495900679315999,0.008331831054915896,pos
(โรงแรม - VERB),0.015474253644639828,-0.00717261367012855,0.008301639974511277,pos
(ใส่ - VERB),0.018154506755623447,-0.00986916182741996,0.008285344928203486,pos
(จ่าย - VERB),0.02858436343306671,-0.020323891817907166,0.008260471615159543,pos
(ริมถนน - VERB),0.008249817111597418,0,0.008249817111597418,pos
(รถแท็กซี่ - VERB),0,-0.008227027623580404,-0.008227027623580404,neg
(ตรัง - VERB),0,-0.008222188835822658,-0.008222188835822658,neg
(พัด - VERB),0.008204083721841336,0,0.008204083721841336,pos
(ตะ - VERB),0.028557344184274726,-0.020365630657240397,0.00819171352703433,pos
(ระบุ - VERB),0.006971260566753272,-0.015159860799997937,-0.008188600233244664,neg
(ฉีด - VERB),0.008143823741168415,0,0.008143823741168415,pos
(หยาบ - VERB),0.008143823741168415,0,0.008143823741168415,pos
(ดึก - VERB),0.008143823741168415,0,0.008143823741168415,pos
(รอคอย - VERB),0.008143823741168415,0,0.008143823741168415,pos
(ต้นขา - VERB),0.008143823741168415,0,0.008143823741168415,pos
(ปาก - VERB),0.008143823741168415,0,0.008143823741168415,pos
(จมูก - VERB),0.008143823741168415,0,0.008143823741168415,pos
(จางหาย - VERB),0.008143823741168415,0,0.008143823741168415,pos
(กระจกเงา - VERB),0.008143823741168415,0,0.008143823741168415,pos
(เดือนพฤศจิกายน - VERB),0.008143823741168415,0,0.008143823741168415,pos
(เฮน - VERB),0.008135430852834465,0,0.008135430852834465,pos
(เก้า - VERB),0,-0.008102273620040002,-0.008102273620040002,neg
(ริมทะเล - VERB),0.008095389785188653,0,0.008095389785188653,pos
(แชท - VERB),0.008086801423439035,0,0.008086801423439035,pos
(โยน - VERB),0,-0.008044619983117791,-0.008044619983117791,neg
(ครอบคลุม - VERB),0.012324063946739811,-0.00428474107808003,0.008039322868659781,pos
(กำแพง - VERB),0,-0.008032648822428627,-0.008032648822428627,neg
(วทะ - VERB),0.008000229871676779,0,0.008000229871676779,pos
(เสน่ห์ - VERB),0.007995195114048287,0,0.007995195114048287,pos
(ยาง - VERB),0,-0.00799183116995608,-0.00799183116995608,neg
(สีฟ้า - VERB),0.008276459306985489,-0.016174746910783123,-0.007898287603797634,neg
(สวรรค์ - VERB),0.004151663335044708,-0.012040557667934094,-0.007888894332889387,neg
(ระวัง - VERB),0.02341097631216131,-0.015523421675599279,0.007887554636562032,pos
(ตา - VERB),0.012468731147917763,-0.020301603649608608,-0.007832872501690845,neg
(อุ่น - VERB),0.009912829015639483,-0.017703579208076973,-0.00779075019243749,neg
(แหล่ง - VERB),0.007789310261326012,0,0.007789310261326012,pos
(คลุม - VERB),0,-0.007759180600298895,-0.007759180600298895,neg
(ยืด - VERB),0,-0.007755660932000054,-0.007755660932000054,neg
(สีแทน - VERB),0.01290167320166491,-0.0051643760309848475,0.007737297170680062,pos
(กรุงเทพ - VERB),0.019353264733738763,-0.011626335009999648,0.007726929723739114,pos
(กลยุทธ์ - VERB),0,-0.00768937323172655,-0.00768937323172655,neg
(เวอร์ค - VERB),0,-0.007677899901020986,-0.007677899901020986,neg
(เคารพ - VERB),0,-0.007677899901020986,-0.007677899901020986,neg
(ต่ำ - VERB),0.007626157197325464,0,0.007626157197325464,pos
(ดิบ - VERB),0,-0.0076165258010927606,-0.0076165258010927606,neg
(รี - VERB),0,-0.007607404213307021,-0.007607404213307021,neg
(คูน - VERB),0,-0.007607404213307021,-0.007607404213307021,neg
(ครอง - VERB),0,-0.007604368537244249,-0.007604368537244249,neg
(แพทช์ - VERB),0,-0.007604368537244249,-0.007604368537244249,neg
(จู้จี้ - VERB),0,-0.00759830444750163,-0.00759830444750163,neg
(ตากอากาศ - VERB),0,-0.00759830444750163,-0.00759830444750163,neg
(ยาม - VERB),0.02456354320542368,-0.01703597672582744,0.007527566479596241,pos
(ดู - VERB),0.039393889927332566,-0.03191977300290634,0.007474116924426226,pos
(ตอบ - VERB),0,-0.007439396727536759,-0.007439396727536759,neg
(ชายหาด - VERB),0.02653869077508571,-0.019102358768473552,0.007436332006612159,pos
(ตี - VERB),0.01612229065510498,-0.008716119826599797,0.007406170828505185,pos
(ประสงค์ - VERB),0,-0.007394438368043887,-0.007394438368043887,neg
(สำรวจ - VERB),0.016402697932580514,-0.009036402266227093,0.0073662956663534205,pos
(แผ่ - VERB),0,-0.00735774036846876,-0.00735774036846876,neg
(กระบี่ - VERB),0.013218672475364138,-0.020539321780366975,-0.0073206493050028375,neg
(เร่งด่วน - VERB),0,-0.007318182624552261,-0.007318182624552261,neg
(ยืน - VERB),0.024226124740534597,-0.016932154133472817,0.00729397060706178,pos
(ตอนกลางคืน - VERB),0.017685540882131704,-0.010542915272608437,0.007142625609523267,pos
(เลียบ - VERB),0.0054760194121649675,-0.012605442055473648,-0.0071294226433086805,neg
(รอยยิ้ม - VERB),0.016586891904182888,-0.00946673996737908,0.007120151936803808,pos
(รีวิว - VERB),0,-0.007118609657254005,-0.007118609657254005,neg
(ยอดเยี่ยม - VERB),0.01617455416143728,-0.00909834235012235,0.007076211811314931,pos
(รีสอร์ท - VERB),0.013658248282145844,-0.006623858125907665,0.007034390156238179,pos
(สั่ง - VERB),0.0212625222443826,-0.014242585774860256,0.007019936469522344,pos
(ผ้าเช็ดตัว - VERB),0.007012344544857805,0,0.007012344544857805,pos
(คี - VERB),0,-0.006927858466004098,-0.006927858466004098,neg
(เกรงใจ - VERB),0,-0.006919588799685581,-0.006919588799685581,neg
(ถ่ายโอน - VERB),0,-0.006873438041602765,-0.006873438041602765,neg
(กัดกิน - VERB),0.006855977995773121,0,0.006855977995773121,pos
(สุนัข - VERB),0,-0.006839955424405313,-0.006839955424405313,neg
(รอน - VERB),0,-0.006834535491422425,-0.006834535491422425,neg
(สับสน - VERB),0.01312813362279315,-0.019908103298579696,-0.006779969675786545,neg
(หลอก - VERB),0,-0.0067624370313463765,-0.0067624370313463765,neg
(จม - VERB),0,-0.006702740076993424,-0.006702740076993424,neg
(สีน้ำตาล - VERB),0.01603194013043699,-0.022729863624709645,-0.0066979234942726555,neg
(จ่ายเงิน - VERB),0.007797278050054864,-0.014452282699647974,-0.006655004649593109,neg
(เชือก - VERB),0,-0.006636811486072178,-0.006636811486072178,neg
(กระดาน - VERB),0.006627305105797467,0,0.006627305105797467,pos
(คลั่งไคล้ - VERB),0.00420330594063114,-0.010801531570594764,-0.006598225629963624,neg
(เวียน - VERB),0,-0.006579087559248742,-0.006579087559248742,neg
(เยลลี่ - VERB),0.006571223294597962,0,0.006571223294597962,pos
(แตก - VERB),0,-0.006526448447585494,-0.006526448447585494,neg
(คาดหวัง - VERB),0.024265900308495517,-0.017811447313220322,0.006454452995275195,pos
(ไนท์ - VERB),0.01605437619926501,-0.009683644300539277,0.006370731898725732,pos
(นอนหลับ - VERB),0,-0.006308900165999311,-0.006308900165999311,neg
(ไอ - VERB),0,-0.006284286914517378,-0.006284286914517378,neg
(ล้อมรอบ - VERB),0,-0.006156448101481157,-0.006156448101481157,neg
(คู - VERB),0.016210030056072185,-0.010062671101359338,0.006147358954712847,pos
(บรรจบ - VERB),0.006113746408191879,0,0.006113746408191879,pos
(กี่ - VERB),0.006034372246464245,0,0.006034372246464245,pos
(ตัวแทน - VERB),0.017026063707158694,-0.011053498670513313,0.00597256503664538,pos
(ไหล - VERB),0.012262976508513181,-0.018212567199295593,-0.005949590690782412,neg
(คนดู - VERB),0.01236051550861875,-0.006415935034079284,0.005944580474539466,pos
(กิจ - VERB),0.005944026061863408,0,0.005944026061863408,pos
(กระจก - VERB),0,-0.005903530159007776,-0.005903530159007776,neg
(ภาพถ่าย - VERB),0,-0.005903515351404612,-0.005903515351404612,neg
(ยานยนต์ - VERB),0,-0.005903515351404612,-0.005903515351404612,neg
(กลิ่นตัว - VERB),0,-0.005903515351404612,-0.005903515351404612,neg
(กระทะ - VERB),0,-0.005903515351404612,-0.005903515351404612,neg
(หลอด - VERB),0,-0.005903515351404612,-0.005903515351404612,neg
(แดด - VERB),0,-0.005903515351404612,-0.005903515351404612,neg
(เผชิญ - VERB),0,-0.005903515351404612,-0.005903515351404612,neg
(สายรัด - VERB),0,-0.005903515351404612,-0.005903515351404612,neg
(สี - VERB),0,-0.005903515351404612,-0.005903515351404612,neg
(น้ำแข็ง - VERB),0,-0.005903515351404612,-0.005903515351404612,neg
(หยิบ - VERB),0,-0.005903515351404612,-0.005903515351404612,neg
(ลำโพง - VERB),0,-0.005903515351404612,-0.005903515351404612,neg
(สาหร่าย - VERB),0,-0.005903515351404612,-0.005903515351404612,neg
(ห้อง - VERB),0,-0.005903515351404612,-0.005903515351404612,neg
(ยุก - VERB),0,-0.005903515351404612,-0.005903515351404612,neg
(รสชาติ - VERB),0,-0.005903515351404612,-0.005903515351404612,neg
( stunk - VERB),0,-0.005903515351404612,-0.005903515351404612,neg
(กลืน - VERB),0,-0.005903515351404612,-0.005903515351404612,neg
(อาหารจานด่วน - VERB),0.005859499857455911,0,0.005859499857455911,pos
(เจท - VERB),0.005854546099641809,0,0.005854546099641809,pos
(ถัง - VERB),0.019426089617511487,-0.013574324417812624,0.0058517651996988634,pos
(รสนิยม - VERB),0.0060439415015331715,-0.01189493999865384,-0.005850998497120669,neg
(กมลา - VERB),0.016851164998092943,-0.022696565211885015,-0.0058454002137920714,neg
(อธิบาย - VERB),0.018578748067151537,-0.012758841258306926,0.005819906808844611,pos
(ยุ่งเหยิง - VERB),0,-0.0058125700021594085,-0.0058125700021594085,neg
(เรียง - VERB),0.005779965894550831,0,0.005779965894550831,pos
(บิน - VERB),0.004402887445898889,-0.01010546193226051,-0.00570257448636162,neg
(ค็อกเทล - VERB),0.018963758248851256,-0.01326275186405906,0.005701006384792196,pos
(ก่อ - VERB),0,-0.005607911258666055,-0.005607911258666055,neg
(ตู - VERB),0,-0.005581882704843025,-0.005581882704843025,neg
(ริ้น - VERB),0,-0.005581882704843025,-0.005581882704843025,neg
(ร่มเงา - VERB),0.005557465020219915,0,0.005557465020219915,pos
(ขัด - VERB),0,-0.005533260033198051,-0.005533260033198051,neg
(รุกราน - VERB),0,-0.005507672703564765,-0.005507672703564765,neg
(กังวล - VERB),0.015394278740161464,-0.009888968069321139,0.005505310670840325,pos
(ควบคุม - VERB),0.0093027095400741,-0.014791009315846301,-0.005488299775772202,neg
(ลิฟท์ - VERB),0,-0.005452517182928208,-0.005452517182928208,neg
(เวอร์ชั่น - VERB),0,-0.005452517182928208,-0.005452517182928208,neg
(สวม - VERB),0.014093437565645588,-0.019537528469857426,-0.005444090904211838,neg
(กวน - VERB),0.005438512429889865,0,0.005438512429889865,pos
(กวาดล้าง - VERB),0.005414427991321469,0,0.005414427991321469,pos
(พัก - VERB),0.0138467743846432,-0.008449016967860712,0.005397757416782488,pos
(น้ำทะเล - VERB),0.02015229857517547,-0.01475794324545276,0.005394355329722709,pos
(กระเป๋า - VERB),0.020286318212750218,-0.014934521731915376,0.005351796480834841,pos
(เต่า - VERB),0,-0.0053514595771789065,-0.0053514595771789065,neg
(เข่า - VERB),0,-0.005343980043478996,-0.005343980043478996,neg
(กึ่ง - VERB),0,-0.005343980043478996,-0.005343980043478996,neg
(เหาทะเล - VERB),0,-0.005342457963087773,-0.005342457963087773,neg
(จบ - VERB),0.00507802446723616,-0.010413872657591956,-0.005335848190355796,neg
(รัก - VERB),0.023513846011719637,-0.01818758672760402,0.005326259284115616,pos
(สร้าง - VERB),0.016918967052537846,-0.011631129747181975,0.005287837305355871,pos
(หัวใจวาย - VERB),0,-0.00525407983301188,-0.00525407983301188,neg
(ใส่ใจ - VERB),0,-0.005244548090827618,-0.005244548090827618,neg
(เสน - VERB),0,-0.0052410746849103655,-0.0052410746849103655,neg
(ไล่ล่า - VERB),0,-0.005219541921209008,-0.005219541921209008,neg
(ร้อย - VERB),0,-0.005177002867246424,-0.005177002867246424,neg
(พยาน - VERB),0,-0.005177002867246424,-0.005177002867246424,neg
(บรรดา - VERB),0,-0.005172787066865931,-0.005172787066865931,neg
(เต๊นท์ - VERB),0,-0.005172787066865931,-0.005172787066865931,neg
(สระ - VERB),0,-0.0051643760309848475,-0.0051643760309848475,neg
(ทำร้าย - VERB),0,-0.0051643760309848475,-0.0051643760309848475,neg
(ฤดูร้อน - VERB),0,-0.0051643760309848475,-0.0051643760309848475,neg
(ใบอนุญาต - VERB),0,-0.0051643760309848475,-0.0051643760309848475,neg
(วาง - VERB),0.014098453695706338,-0.008938388293357915,0.005160065402348424,pos
(หายใจ - VERB),0.00984960944283566,-0.01499435689938477,-0.005144747456549111,neg
(แห่ - VERB),0,-0.005139306244426669,-0.005139306244426669,neg
(ขาว - VERB),0,-0.005139306244426669,-0.005139306244426669,neg
(เทา - VERB),0,-0.005060156015489667,-0.005060156015489667,neg
(ชะล้าง - VERB),0,-0.005038748692314672,-0.005038748692314672,neg
(แพ - VERB),0,-0.005038748692314672,-0.005038748692314672,neg
(ตัดสินใจ - VERB),0.007643070152227682,-0.012677455663906757,-0.005034385511679075,neg
(ป่า - VERB),0.016650933957866987,-0.011621978074916325,0.005028955882950662,pos
(ทัศนศึกษา - VERB),0.004690148879921208,-0.00970722036855205,-0.005017071488630843,neg
(รอ - VERB),0.014589027050464966,-0.009589527498512452,0.004999499551952514,pos
(ชื่นชอบ - VERB),0.012677181446876472,-0.007700342380416602,0.004976839066459871,pos
(เกลือ - VERB),0,-0.004971287487132623,-0.004971287487132623,neg
(เชื้อเชิญ - VERB),0,-0.004935727490801202,-0.004935727490801202,neg
(ยุ่ง - VERB),0.0276213537116826,-0.022695473658767788,0.004925880052914812,pos
(ปล่อย - VERB),0.011130901580847476,-0.016050928993951507,-0.004920027413104031,neg
(หล่น - VERB),0,-0.004807794754835619,-0.004807794754835619,neg
(แนวโน้ม - VERB),0,-0.00473336998368954,-0.00473336998368954,neg
(แอบ - VERB),0,-0.00473336998368954,-0.00473336998368954,neg
(ล็อค - VERB),0,-0.00473336998368954,-0.00473336998368954,neg
(มอเตอร์ไซค์ - VERB),0,-0.00473336998368954,-0.00473336998368954,neg
(เชิญชวน - VERB),0,-0.00473336998368954,-0.00473336998368954,neg
(เก่ง - VERB),0,-0.00473336998368954,-0.00473336998368954,neg
(ตู้เย็น - VERB),0,-0.00473336998368954,-0.00473336998368954,neg
(เหยื่อ - VERB),0,-0.00473336998368954,-0.00473336998368954,neg
(เลินเล่อ - VERB),0,-0.00473336998368954,-0.00473336998368954,neg
(ชิ้น - VERB),0,-0.00473336998368954,-0.00473336998368954,neg
(บุกรุก - VERB),0,-0.00473336998368954,-0.00473336998368954,neg
(เร่ร่อน - VERB),0,-0.00473336998368954,-0.00473336998368954,neg
(ช็อป - VERB),0,-0.00473336998368954,-0.00473336998368954,neg
(น้ำตาไหล - VERB),0,-0.00473336998368954,-0.00473336998368954,neg
(หยาบคาย - VERB),0,-0.00473336998368954,-0.00473336998368954,neg
(หัวเข่า - VERB),0,-0.00473336998368954,-0.00473336998368954,neg
(อึดอัดใจ - VERB),0,-0.00473336998368954,-0.00473336998368954,neg
(ส้วมซึม - VERB),0,-0.00473336998368954,-0.00473336998368954,neg
(ควานหา - VERB),0,-0.00473336998368954,-0.00473336998368954,neg
(อุบาย - VERB),0,-0.00473336998368954,-0.00473336998368954,neg
(ครีพ - VERB),0,-0.00473336998368954,-0.00473336998368954,neg
(ระเบียบ - VERB),0,-0.00473336998368954,-0.00473336998368954,neg
(ตอนจบ - VERB),0,-0.00473336998368954,-0.00473336998368954,neg
(สับสนวุ่นวาย - VERB),0,-0.0046948873008953165,-0.0046948873008953165,neg
(ปกครอง - VERB),0,-0.0046800568504140345,-0.0046800568504140345,neg
(จุดขาย - VERB),0,-0.004663863816528166,-0.004663863816528166,neg
(แวะ - VERB),0.03873282023238636,-0.034091635534288935,0.004641184698097427,pos
(เสนอ - VERB),0.018795683954054995,-0.014247492902141435,0.00454819105191356,pos
(กลัว - VERB),0.01806971487629011,-0.01353410405857679,0.004535610817713321,pos
(เจ๋ง - VERB),0.004517910752568537,0,0.004517910752568537,pos
(เลว - VERB),0,-0.004508291354230917,-0.004508291354230917,neg
(คัน - VERB),0,-0.00446621966638702,-0.00446621966638702,neg
(คาด - VERB),0.018638384885301874,-0.014219522194191472,0.004418862691110402,pos
(ลา - VERB),0.017296182561380432,-0.021663113351449957,-0.004366930790069525,neg
(คลั่ง - VERB),0,-0.0043055953027206295,-0.0043055953027206295,neg
(พักผ่อนหย่อนใจ - VERB),0.01090070621191166,-0.006619758244692408,0.004280947967219252,pos
(ปกคลุม - VERB),0.013749312809764854,-0.017957897422296577,-0.004208584612531723,neg
(ประทับใจ - VERB),0,-0.004202366686393178,-0.004202366686393178,neg
(รีบ - VERB),0,-0.004185416695492225,-0.004185416695492225,neg
(ค่ำคืน - VERB),0.02217476963377345,-0.018031079349132943,0.0041436902846405076,pos
(ร้านอาหาร - VERB),0.020102459667950868,-0.01596498008436776,0.004137479583583108,pos
(หวัง - VERB),0.013419171905916707,-0.009307962326058248,0.004111209579858459,pos
(หา - VERB),0.028596191891883633,-0.02450836732110373,0.004087824570779903,pos
(กัด - VERB),0.01124535044351382,-0.015273503239949283,-0.004028152796435463,neg
(เพลิดเพลิน - VERB),0.00806114532755249,-0.01201321960386952,-0.00395207427631703,neg
(ระมัดระวัง - VERB),0.007626157197325464,-0.011490910938907889,-0.003864753741582425,neg
(กรีดร้อง - VERB),0.007371951957414615,-0.011168151742080077,-0.003796199784665462,neg
(กระโดด - VERB),0.015601044467756743,-0.011848993248533848,0.0037520512192228943,pos
(ลูกน้อง - VERB),0,-0.0037299956066420216,-0.0037299956066420216,neg
(โอเค - VERB),0,-0.0037299956066420216,-0.0037299956066420216,neg
(มืด - VERB),0,-0.0037299956066420216,-0.0037299956066420216,neg
(สัมผัส - VERB),0.01743401965680212,-0.013719398547154482,0.0037146211096476395,pos
(คอย - VERB),0.014592106931767204,-0.010878510960669123,0.0037135959710980805,pos
(ลอง - VERB),0.01892208787599845,-0.015291658134799059,0.0036304297411993928,pos
(สนุก - VERB),0.011003441426671477,-0.00739279873325709,0.0036106426934143865,pos
(ชวน - VERB),0.012312896202962314,-0.008830652249459725,0.003482243953502589,pos
(คุยโว - VERB),0,-0.0034597943998427904,-0.0034597943998427904,neg
(เอ่อ - VERB),0,-0.0034597943998427904,-0.0034597943998427904,neg
(แออัด - VERB),0.02381498189431864,-0.02724988514260323,-0.0034349032482845904,neg
(กระดาษ - VERB),0.013700355351959485,-0.01027077390922092,0.0034295814427385655,pos
(กลิ่น - VERB),0.02826146601398973,-0.031667572529615384,-0.0034061065156256558,neg
(นิยม - VERB),0.014240475470343336,-0.010861301459413695,0.0033791740109296413,pos
(คนรัก - VERB),0.017334648388521084,-0.013980857821092015,0.0033537905674290696,pos
(บ่น - VERB),0.008424645249484565,-0.005089889838230258,0.0033347554112543067,pos
(ฉีก - VERB),0,-0.0032304059139232587,-0.0032304059139232587,neg
(ถอด - VERB),0.010249772775014973,-0.007023765301445521,0.0032260074735694522,pos
(นั่ง - VERB),0.024832597699066438,-0.028058243871801572,-0.003225646172735134,neg
(คืน - VERB),0.020086369005256587,-0.016881614566102238,0.003204754439154349,pos
(ก้าวเท้า - VERB),0.0030865804266819057,-0.006182927448154194,-0.003096347021472288,neg
(ลำ - VERB),0.0030865804266819057,0,0.0030865804266819057,pos
(อ่าว - VERB),0.0030865804266819057,0,0.0030865804266819057,pos
(ค่าย - VERB),0.0030865804266819057,0,0.0030865804266819057,pos
(เลา - VERB),0.0030865804266819057,0,0.0030865804266819057,pos
(เซิร์ฟ - VERB),0.0030865804266819057,0,0.0030865804266819057,pos
(ค้างคาว - VERB),0.0030865804266819057,0,0.0030865804266819057,pos
(เลาจ์ - VERB),0.0030865804266819057,0,0.0030865804266819057,pos
(ปลอด - VERB),0.0030865804266819057,0,0.0030865804266819057,pos
(เบียร์ - VERB),0.0030865804266819057,-0.00611179801706526,-0.003025217590383354,neg
(จอดรถ - VERB),0.07057980575679292,-0.06757640976714216,0.003003395989650756,pos
(สดชื่น - VERB),0.01474390391482923,-0.011807030702809224,0.002936873212020007,pos
(ห้าม - VERB),0.01021914709042765,-0.007385325050428276,0.0028338220399993733,pos
(เต้น - VERB),0.0027940342695740522,0,0.0027940342695740522,pos
(ดูเหมือน - VERB),0.017419878794874173,-0.014657586600323307,0.0027622921945508663,pos
(คว้า - VERB),0.01116370438295789,-0.013900792675194514,-0.002737088292236624,neg
(มือสอง - VERB),0,-0.002726258591464104,-0.002726258591464104,neg
(คลอง - VERB),0,-0.002726258591464104,-0.002726258591464104,neg
(งัดแงะ - VERB),0,-0.002726258591464104,-0.002726258591464104,neg
(ปะ - VERB),0,-0.002726258591464104,-0.002726258591464104,neg
(โปรด - VERB),0,-0.002726258591464104,-0.002726258591464104,neg
(ทะเลแคริบเบียน - VERB),0,-0.002726258591464104,-0.002726258591464104,neg
(ทะเลเมดิเตอร์เรเนียน - VERB),0,-0.002726258591464104,-0.002726258591464104,neg
(ประ - VERB),0,-0.002726258591464104,-0.002726258591464104,neg
(สยองขวัญ - VERB),0,-0.002726258591464104,-0.002726258591464104,neg
(เศร้าใจ - VERB),0,-0.002726258591464104,-0.002726258591464104,neg
(กระชับ - VERB),0,-0.002726258591464104,-0.002726258591464104,neg
(ก่อสร้าง - VERB),0,-0.002726258591464104,-0.002726258591464104,neg
(ครอก - VERB),0,-0.002726258591464104,-0.002726258591464104,neg
(กดดัน - VERB),0,-0.002726258591464104,-0.002726258591464104,neg
(ปัจจัย - VERB),0,-0.002726258591464104,-0.002726258591464104,neg
(สเปน - VERB),0,-0.002726258591464104,-0.002726258591464104,neg
(คุย - VERB),0.008424645249484565,-0.005741333682664057,0.002683311566820508,pos
(เหมือน - VERB),0.023277162168792723,-0.025951237047879872,-0.002674074879087149,neg
(ตาย - VERB),0.011671602791680953,-0.009026255169304217,0.0026453476223767362,pos
(รู้สึก - VERB),0.019122108174995642,-0.02174680653814046,-0.002624698363144818,neg
(กองทัพ - VERB),0.01383887778348236,-0.011257934313014261,0.002580943470468099,pos
(ล้าง - VERB),0.008143823741168415,-0.010668047492856322,-0.002524223751687907,neg
(ดอกไม้ไฟ - VERB),0.00779786334119516,-0.010268075940684643,-0.0024702125994894826,neg
(สั่นสะเทือน - VERB),0,-0.002467863745400601,-0.002467863745400601,neg
(คอร์รัปชั่น - VERB),0,-0.002467863745400601,-0.002467863745400601,neg
(กระโดดร่ม - VERB),0.01868307486740791,-0.016283378608362105,0.0023996962590458054,pos
(บวก - VERB),0.01107616829661964,-0.01345640315552146,-0.0023802348589018214,neg
(เตือน - VERB),0.010919300241207582,-0.008539761540646996,0.0023795387005605857,pos
(ทิ้ง - VERB),0.03294521026517871,-0.03059272881257202,0.0023524814526066883,pos
(พักผ่อน - VERB),0.007371951957414615,-0.009684090548260794,-0.0023121385908461784,neg
(ค้นหา - VERB),0.01279984073909263,-0.015060240963855422,-0.002260400224762791,neg
(พลาสติก - VERB),0.008143823741168415,-0.005903515351404612,0.0022403083897638027,pos
(ถัด - VERB),0.014195537276330444,-0.011962122494721126,0.0022334147816093185,pos
(กระตุ้น - VERB),0,-0.0022094688993370974,-0.0022094688993370974,neg
(กลิ้ง - VERB),0.009369000764176051,-0.011515599185814554,-0.002146598421638503,neg
(อ่าน - VERB),0.014353334206660141,-0.016458138886047084,-0.0021048046793869426,neg
(คนขาย - VERB),0.014221709701716169,-0.012234021102131098,0.0019876885995850704,pos
(ดูแล - VERB),0.018705448282645917,-0.016769519515840447,0.0019359287668054698,pos
(ชม - VERB),0.020148718493127635,-0.018221316072915227,0.0019274024202124082,pos
(เยือน - VERB),0.00761703670085424,-0.009438286734297294,-0.0018212500334430538,neg
(ร้านค้า - VERB),0.00937102044205312,-0.011178694780641334,-0.0018076743385882135,neg
(คา - VERB),0.016582980219509668,-0.0147770304127398,0.0018059498067698673,pos
(ดึงดูด - VERB),0.012620988864757245,-0.014426798505117543,-0.001805809640360298,neg
(สีเขียว - VERB),0.008143823741168415,-0.009873379668944625,-0.0017295559277762107,neg
(รู้ - VERB),0.014825702873259386,-0.016512205174591694,-0.0016865023013323075,neg
(สนามบิน - VERB),0.012015706125284995,-0.010371493744344491,0.001644212380940504,pos
(ปลอดภัย - VERB),0.017740817008148436,-0.016136920093872964,0.0016038969142754718,pos
(คู่รัก - VERB),0.012352754352944901,-0.013909737581070678,-0.0015569832281257766,neg
(ขาย - VERB),0.03945617947108792,-0.03790096291823307,0.0015552165528548503,pos
(ดื่ม - VERB),0.02105569629151851,-0.01959282612171644,0.0014628701698020698,pos
(แน่ใจ - VERB),0.005557465020219915,-0.006786519784307012,-0.0012290547640870968,neg
(พลุ - VERB),0.008709573836532947,-0.007542948769898077,0.0011666250666348696,pos
(ถ่ายรูป - VERB),0.012454990005134123,-0.011291065373382165,0.0011639246317519582,pos
(รักษา - VERB),0.020070339648371315,-0.018969922344852175,0.0011004173035191397,pos
(ถนนสายหลัก - VERB),0.011186530145369763,-0.012233165861617927,-0.0010466357162481638,neg
(นอน - VERB),0.017788933502146633,-0.016752118853455376,0.0010368146486912574,pos
(กลิ่นอาย - VERB),0.012704365036222725,-0.011880418443767356,0.0008239465924553685,pos
(เสื่อ - VERB),0.01078504721114966,-0.011591853991421699,-0.0008068067802720399,neg
(เจอ - VERB),0.011143648307719767,-0.010367362372609547,0.00077628593511022,pos
(เงียบ - VERB),0.008327454795636291,-0.007595934645684809,0.000731520149951482,pos
(รู้จัก - VERB),0.013951388984974085,-0.014646199302867556,-0.0006948103178934708,neg
(วุ่นวาย - VERB),0.012192557447348627,-0.01155276852746417,0.0006397889198844573,pos
(สงสัย - VERB),0.006953322820265719,-0.0075785293672757876,-0.0006252065470100689,neg
(บำรุงรักษา - VERB),0.0030865804266819057,-0.002467863745400601,0.0006187166812813049,pos
(จอด - VERB),0.018103549954489945,-0.01751998172517059,0.0005835682293193548,pos
(กล้า - VERB),0.00579578696907971,-0.006261681634781756,-0.00046589466570204525,neg
(เงียบสงบ - VERB),0.019801819641745672,-0.019338839651135635,0.0004629799906100372,pos
(ตรวจสอบ - VERB),0.01157700906450452,-0.012025143451561082,-0.0004481343870565615,neg
(รบกวน - VERB),0.016693996688635724,-0.01700738005699748,-0.0003133833683617547,neg
(กวาด - VERB),0.013184943471561744,-0.013444108101627121,-0.00025916463006537757,neg
(รำคาญ - VERB),0.014670167478317234,-0.014866517222849861,-0.0001963497445326267,neg
(ชอบ - VERB),0.030451642797896073,-0.030264784388121812,0.00018685840977426121,pos
(ลืม - VERB),0.006067032013477901,-0.005903515351404612,0.00016351666207328926,pos
(เร่งรีบ - VERB),0.007993885924620244,-0.008154127398699014,-0.0001602414740787695,neg
(สนใจ - VERB),0.015217115617522063,-0.015086561671511681,0.0001305539460103814,pos
(ตุ๊กตุ๊ก - VERB),0.024964969185563846,-0.024914456968196615,5.051221736723094e-05,pos
